eeg_id,seizure_vote,lpd_vote,gpd_vote,lrda_vote,grda_vote,other_vote
3911565283,0.10020991,0.13089743,0.16892631,0.10885377,0.13691464,0.35419798
